x888t3XC,Xa6Rt3C9lq,Kltuln,1043968095,1975-07-04,45,man,basic,
CLBwDatq,DUc0l8413k,Mzlcrj,1094058014,1981-05-04,39,man,basic,
E48l7BAW,tjH1G7WTGb,Lhrurp,1032254798,1992-10-15,28,man,basic,
CjPnKA49,L6F8722Z01,Pvobvl,1083128262,1991-12-29,29,man,basic,
a1ft271w,2P8GAiLShK,Ftilyh,1002304863,1987-03-08,33,man,basic,
214rUrh1,C1j0179TAU,Stujtz,1034794528,1999-04-27,21,man,basic,
n8lelh3m,jU1CBK29GC,Zdsvpv,1085251490,2018-06-08,2,man,basic,
7vE9cvsi,LfeyZQ1OYy,Illkza,1028457284,1992-09-18,28,man,basic,
m042V8Lu,UE8E2Qcc88,Xacpgu,1087646947,2003-10-23,17,man,basic,
6456xP9a,ArQ3xPWC3S,Laoxis,1023745229,,,,basic,
BZYp1VUK,157uAM9eo7,Xfexec,1046488656,,,,basic,
yDHdY24c,yzYF1GXr2V,Kxeqkk,1097982981,,,,basic,
o7bE5iIn,N712746y9r,Lfiqwh,1089333476,,,,basic,
T2UgsB3i,nk3RiPBOMV,Nyzhhh,1096834486,,,,basic,
RxZQ6WkI,2zeD8W382O,Fihhmg,1053041763,2005-08-30,15,man,basic,
SG6LfaHe,C7f9o5D1Qu,Obhadg,1063095192,1975-08-31,45,man,basic,
9Prp7iuG,Qut1Ugajux,Lskgkm,1093353322,2019-09-27,1,man,basic,
ivG58g2X,TP71Uxlq6P,Czlgti,1040151174,1980-10-20,40,man,basic,
LFz7IiEb,jW6JjTZDb2,Bvfncg,1090017405,2006-08-01,14,man,basic,
XQ8omcqr,wRO54wP75A,Olvfda,1015483233,2018-01-28,2,man,basic,
sRL07dMp,711Il4268u,Oksnuu,1046709923,2005-05-28,15,man,basic,
h06V8VaW,eb3DisSsfi,Aktjpn,1040820511,1978-04-20,42,man,basic,
jnz77eV4,c6bM0f7Is1,Tnhfqa,1052817305,1971-06-10,49,man,basic,
rm02NFg3,7p9cPXrlJB,Grcfvi,1003858431,1991-08-07,29,man,basic,
nf7g4E1H,7769O29wbW,Xfqyev,1020274536,1990-01-23,30,man,basic,
57utqU88,5Y5L4l7VW7,Vxbtww,1091981574,2002-10-14,18,man,basic,
RNELx97L,F9VzTlk97h,Xazcln,1075345870,1985-09-14,35,man,basic,
MlV76ymX,OZ73P2z23A,Curymy,1087597002,1985-07-03,35,man,basic,
bvOP3D4F,EvMYaAYak8,Jbvbpy,1036546853,1986-04-06,34,man,basic,
V556b0kL,keVsim50tN,Hmfepm,1082158760,2005-03-01,15,man,premium,
i63ume1b,pI04h3pg0K,Aoaksf,1032084712,1970-07-26,50,man,premium,
w9kiIIQ6,8b757QYCJ5,Inzcwg,1090000245,1977-08-09,43,man,premium,
tcj8Lb95,zqKMYkY16s,Txorsn,1064151330,2013-10-23,7,man,premium,
MAO3IM22,UCIF2X7mtQ,Ufntig,1090654612,1983-11-29,37,man,premium,
Fl2780Q1,V118OJeQEB,Mjedfg,1040828069,2000-11-06,20,man,premium,
G3UVdb50,cpYcp4wQ2F,Tdhxbq,1073515088,1993-10-06,27,man,premium,
5AcuNb1g,N5bGl3Y3iE,Bppius,1095909152,2001-11-09,19,man,premium,
1SKBY8zM,2jtjnUy9YO,Qawntj,1062042809,2002-12-17,18,man,premium,
3243i90u,LO67W93Rnl,Yvrkjp,1072917600,2017-11-23,3,man,premium,
827otb80,9Lp114FcRa,Errbqk,1033851872,1972-02-21,48,man,premium,
4z44dN5t,j49491G1dw,Tvweve,1066249989,2004-09-08,16,man,premium,
4owNUVmQ,22529ex05J,Ipnvjz,1069237759,2001-10-30,19,man,premium,
vEWajU36,d76sl1gx15,Wsyjen,1078269419,2017-03-16,3,man,premium,
6RbZ1Pjm,wtf9WIygXo,Fyntzw,1009295748,2014-08-19,6,man,premium,
Ng4Xq4k1,2071LBW92E,Yjfzkk,1045128306,1993-08-07,27,man,premium,
oHm184U1,4dxhR0HeYe,Ooxhol,1067040484,1978-07-27,42,man,premium,
z4wBN6x4,8ZSrzOKdrx,Akmjgj,1022576681,1989-06-18,31,man,premium,
L1GS495S,lYH0G1gOKP,Ulvkom,1023055133,1980-06-19,40,man,premium,
1A9lhDtV,pv46Jo7ym1,Ijtahb,1052415477,2000-01-23,20,man,premium,
wE1Pp40X,D0I4TlF04q,Hwzlqb,1055339182,2001-01-01,19,man,premium,
G5x4LDA9,41xtp434W0,Zzdnnn,1081317810,2007-01-14,13,man,premium,
nybOcSNI,G065H2NZN9,Dzsjyn,1094356932,1995-03-20,25,man,premium,
9syxkVIc,3Lzlq72ie7,Tzlixr,1074009100,2000-09-21,20,man,premium,
7EuHC1CZ,b4k29ui2jD,Lkmxyi,1051462676,1987-11-01,33,man,premium,
L9QEUQ8c,SQ07E53ckA,Aeqkpp,1085149403,2000-05-25,20,man,premium,
m1058642,sP7g5XD8yK,Joqvxi,1025197827,1992-01-20,28,man,premium,
LhXK8neW,9KqyyMg20O,Filsrx,1011224178,1990-12-14,30,man,premium,
AVvU7y5e,dmxpvKE787,Wmitdw,1035552646,1989-04-05,31,man,premium,
yj0Rx6EY,6Y1Zh19Jpp,Elrjjw,1051755034,2010-06-19,10,man,premium,
IdA0rJ38,LQI2dA7E7V,Wcoanc,1075631921,2016-01-10,4,man,premium,
96P2gf8p,lqNb81oaBy,Jnqjhc,1013003523,2010-06-18,10,man,premium,
X0Jwn8i4,2I522ob7Dr,Wikity,1000101182,1980-03-31,40,man,premium,
2AsPc72v,zE97k3JBcW,Wigyqq,1083314298,2017-06-14,3,man,premium,
t2C0gICk,W4hv4aU1y9,Opuxxu,1012944913,1978-07-02,42,man,premium,
E1Jc50AA,o2o395oRfY,Lidumn,1061600742,2017-06-17,3,man,premium,
EQhGVMyG,g4U1cBwM5A,Ekycut,1039975655,1988-05-30,32,man,premium,
qM44umW8,9hYV7599C4,Epzhbo,1071047444,1987-12-25,33,man,premium,
kv01bg0S,E1Df63248n,Qidsvu,1018709813,1973-06-14,47,man,premium,
28w5c5zv,G9m6bAT5Hq,Itcxgo,1097931107,2004-10-08,16,man,premium,
0omvs7mF,bhQnoaTMe3,Usnicb,1075696361,,,,premium,
7kxPe45M,8moi963X1F,Wvdutg,1005002701,,,,premium,
Zphcrqon,SIi0J1Ayp0,Oxfuvm,1096560862,,,,premium,
gjxk3mWc,cS0BUKn7TZ,Ngnfpl,1038101757,,,,premium,
xGtxTXUK,Yo60DJdgqx,Yfvmzp,1044050934,,,,premium,
Mv8HdOJb,49z7djpe8w,Vzgzer,1076760302,2016-07-25,4,man,premium,
i1WGhdAx,M9X513THu4,Rxtwba,1007629128,1984-10-23,36,man,premium,
y388jOW8,obXaf76n8I,Kxidow,1098684509,2019-10-26,1,man,premium,
WhQT8R16,7TXPa14eIC,Hsayxo,1044614232,1972-06-06,48,man,premium,
vgTVgBXw,ok7t3HLgOD,Yizqum,1076601995,1974-02-04,46,man,premium,
G0a19171,Bz051wnKB1,Skrdhs,1074787164,2018-06-02,2,man,premium,
e09lDa8M,rNl2LRDT82,Hgcczr,1048862940,2002-07-29,18,man,premium,
FK4iyy27,PuX3ZA7T3N,Zwopix,1017489573,2006-02-22,14,man,premium,
TuP898zk,RNNhZmsw2W,Spndxb,1026127494,1981-03-07,39,man,premium,
50cgI1AE,14AN74omzZ,Pwpybu,1097045659,2018-05-03,2,man,premium,
9N5Mp708,tk856WbT0q,Iioide,1030371550,2017-06-20,3,man,premium,
c14HMOVK,RrgcD7Nxac,Kafoms,1057959064,2013-06-26,7,man,premium,
HFf0Wr94,3LxYATRl2H,Lutmpm,1067620914,1984-01-24,36,man,premium,
zi0M94Iy,OWM3LbH2rL,Vixlhy,1021481857,1987-08-07,33,man,premium,
9502Ig2j,cn2Y0o938s,Kffogb,1007376463,1996-12-31,24,man,premium,
Gk7ueA94,F01Wo82006,Vngszb,1007914392,1979-07-08,41,man,premium,
40wK4mC6,Z00Nu61td3,Uzuujf,1048387464,2007-11-30,13,man,premium,
8r6gT68M,8282DW0cYi,Hblcza,1048674083,1997-01-24,23,man,premium,
OONTB788,84b2c0L76P,Uqbkaj,1028787726,1977-02-23,43,man,premium,
61J2tZLR,5M773uQ68a,Wmqbuz,1048285155,1981-02-16,39,man,premium,
4s9rTlVR,t0995mCGLb,Andadr,1058691604,1980-05-30,40,man,premium,
mZlbvQ69,JTM867ZQi2,Xfwdxu,1079941254,1986-04-04,34,man,premium,
wBUuJt3k,v130X1Zg6J,Esfvja,1067359036,1985-01-10,35,man,premium,
fx7I247i,WjfO29z22I,Subepf,1078865067,1981-08-28,39,man,premium,
41i6e73e,iE3z3yrv70,Pvfijo,1021535556,1972-07-27,48,man,premium,
2d97TR3h,O54Av7jGwS,Grgjpx,1022066820,,,,premium,
Xb76v7d9,9vfhICodxs,Amnoyj,1047262224,,,,prime,
yPe4z6uG,2OZ8pc7f80,Ulpnmy,1058060873,,,,prime,
JqudLg5l,L5q1h7Hs5k,Zfluzq,1011029040,,,,prime,
kivP2i0R,dxgRx2HHX8,Jgbykk,1035286602,,,,prime,
f3zcFdxG,kT2Z91zv3S,Mizqip,1030783686,1998-04-27,22,man,prime,
bB2yHBRU,WZRA6t718L,Clefqz,1004385866,1982-12-04,38,man,prime,
hse9ihRK,2mH69ZZG8t,Sacrfz,1057689417,2001-12-15,19,man,prime,
Wx9m7izn,9QDWJuHz0t,Qtdqce,1066071439,2017-05-29,3,man,prime,
d4Z3QD1Y,EYcuMh3Lmw,Fgbcog,1051787808,1976-10-16,44,man,prime,
nysb88zP,n16uKUBEZm,Jnnjav,1009311215,2016-07-21,4,man,prime,
8uOL2XE0,6b0Eh0xX69,Airpoq,1095914266,1974-11-05,46,man,prime,
jb5s9ZJL,fhbZ6lxZ8p,Oyqazp,1072104299,1970-01-05,50,man,prime,
eQE57PK7,IX8JrAzLIo,Mifftr,1028019678,1990-12-20,30,man,prime,
L11B0G53,toT647uKC9,Qaisqy,1010053467,2010-05-27,10,man,prime,
OjplG43T,6LL0N69cWn,Rxsdie,1087916672,2007-06-14,13,man,prime,
bGsexMtv,m7d541dUb1,Zislol,1095705777,2009-07-13,11,man,prime,
gTfXEPOA,6pml9Q75P6,Cxbzyo,1066373481,2008-01-21,12,man,prime,
8bouLHmV,OR27Q2oGuD,Vgmfax,1086471047,1994-01-12,26,man,prime,
jNAtVhmf,Q085dehygu,Ffwbkq,1098592819,1983-01-07,37,man,prime,
aJpzLqqf,LXxI8TgIjX,Zylgxv,1033073682,1994-12-12,26,man,prime,
0P28KVF2,P9HWXu9emQ,Sjvciq,1068508829,1994-10-21,26,man,prime,
hQ8n3GM4,XFQp29y9D3,Kazctb,1067749804,1989-04-28,31,man,prime,
790ZOrSp,rrBj8WD0AF,Gvlaqn,1011295295,1987-12-01,33,man,prime,
01l81y1J,msK606n1tF,Rnxpkq,1034803529,1978-09-18,42,man,prime,
DXEOMu50,R3ZS1j5256,Jjmbun,1066112981,1982-10-20,38,man,prime,
eJS5B8LB,M9A9W5YcJx,Ugesjv,1092821104,1977-07-05,43,man,prime,
HCLBfaK9,i31b5fh420,Hatfhg,1060060713,2003-04-02,17,man,prime,
3o7YANM7,6D4HQ8oOC6,Fewiqv,1082692277,2019-08-05,1,man,prime,
sRO01Yi9,D99W7611I7,Yiozzy,1045180258,1970-05-20,50,man,prime,
RTsNTY1K,ebM986LB4t,Gpjdzf,1074244870,2015-02-27,5,man,prime,
7j81H393,iyjR9bYe54,Wbiull,1074429621,2018-09-25,2,man,prime,
iJcPgTAz,928E5B5b31,Dxmdrl,1002412103,2004-09-27,16,man,prime,admin
1MlL63TR,J9DTKtGYD1,Lfudmq,1013220560,1976-07-07,44,man,prime,
jYEAZ6nS,KfEO9w9yz6,Cfscyb,1087925879,1997-10-19,23,man,prime,
F84K1YKH,Vev5Lp9Re0,Jrfzgg,1055800710,1972-06-22,48,man,prime,
FJQ0wamU,fCU1Q09h2w,Rfrymn,1009757358,1992-02-02,28,man,prime,admin
dyN430Al,i2k1Z5zWfY,Owvbph,1055629105,2007-12-14,13,man,prime,
8tT4UnRy,vg7K9lJm4j,Uqfhoi,1052462321,1979-09-09,41,man,prime,
wo3ccvRP,UvdoZ0ZA4d,Upuiyx,1007557493,1976-03-08,44,man,prime,
cff281c8,oKRff0TTc4,Lljwig,1057304711,1991-12-11,29,man,prime,admin
